topic,outline,newsletter,critique,summary,,,,
"('urban tails and trails newsletter',)","Here's a detailed, mobile-responsive, bi-weekly newsletter outline for ""Urban Tails and Trails Newsletter,"" targeting parents and educators, promoting children's stories set in urban environments.

---

## Urban Tails & Trails Newsletter Outline

**Newsletter Name:** Urban Tails & Trails
**Frequency:** Bi-weekly
**Target Audience:** Parents, Educators
**Goal:** Inspire urban exploration through children's literature and real-world activities.
**Key Design Principles:** Mobile-responsive (single-column flow implied), clear headings, concise text, strong visuals (placeholder notes), scannable.

---

### **[Newsletter Issue #X: Date - e.g., ""Issue #12: May 15, 2024""]**

---

### **1. Vibrant Subject Line**

*   ‚ú® **Option 1:** ""City Adventures Await! New Books & Explorer Challenge Inside! üèôÔ∏è""
*   ‚ú® **Option 2:** ""Explore Your Urban World! Stories, Secrets & Fun for Kids! üìöüöÄ""
*   ‚ú® **Option 3:** ""From Pavement to Pages: Discover Urban Tales & Trails! üêæ""

---

### **2. Welcome & Introduction**

*(Header image: Stylized logo - ""Urban Tails & Trails"" with a cityscape silhouette and a child/animal character.)*

**Headline:** **Welcome, Urban Explorers!**

**Body:**
Hello fellow parents and educators!

Welcome back to Urban Tails & Trails, your bi-weekly guide to discovering the magic and diversity of city life through captivating children's stories and engaging activities. This issue, we're zooming in on stories that celebrate the vibrant tapestry of urban communities and a challenge that will get your little ones observing their surroundings with fresh eyes!

Let's dive into some pavement-to-page adventures!

---

### **3. Featured Story: City Spotlight**

*(Image placeholder: High-quality book cover image)*

**Headline:** **This Week's City Spotlight: [Book Title]**

**Book Title:** *[Example: ""Last Stop on Market Street""]*
**Author:** *[Example: Matt de la Pe√±a]*
**Illustrator:** *[Example: Christian Robinson]*

**Summary:**
Join CJ and his grandmother on their bus ride across the city. Through their journey, they encounter a diverse cast of characters and experience the unique sounds, sights, and even smells of urban life. This heartwarming tale beautifully illustrates empathy, community, and finding joy and beauty in unexpected places, especially within a bustling city environment. It's a wonderful way to introduce children to the richness of urban diversity and the importance of looking beyond the surface.

**Age Range:** Picture Book (Ages 3-7)

**Strong Call to Action (CTA):**
*   **Discover this Urban Gem!**
    *   [Button: ""Find at Your Local Library""]
    *   [Button: ""Purchase on Amazon/Bookshop.org""]
    *   [Button: ""Learn More About the Author""]

---

### **4. Urban Explorer Challenge**

*(Image placeholder: Photo of children engaged in a city activity, e.g., pointing at street art, observing nature in a park, or looking at diverse shop windows.)*

**Headline:** **Your Bi-Weekly Urban Explorer Challenge: City Scavenger Hunt!**

**Challenge:** **The ""Colors of Our Community"" Scavenger Hunt!**

**Description:**
Get ready to see your neighborhood in a whole new light! This challenge encourages young explorers to observe and appreciate the vibrant diversity around them.

**How to Play:**
1.  **Print or Draw:** Create a simple list of things to spot (or let your child draw them!).
2.  **Explore!** Take a walk around your block, a local park, or even a short bus ride.
3.  **Spot & Connect:** Find and check off as many items as you can!
    *   Something **red** you've never noticed before (e.g., a flower, a mailbox, a building detail).
    *   A **sign** in a language different from your own.
    *   Someone walking a **dog** of a unique breed.
    *   A **mural or piece of public art**.
    *   A **tree** with a distinct leaf shape.
    *   A **store** selling food from a different culture.
    *   A **person** wearing a unique hat or outfit.
4.  **Discuss:** Talk about what you found! What made the items special? How do these elements contribute to the richness of your city?

**Bonus:** Take a picture of your favorite discovery and share it with us using #UrbanTailsChallenge!

---

### **5. City Shelf Picks: More Urban Adventures!**

*(Image placeholder: A collage of 2-3 small book covers)*

**Headline:** **Curated for Your City Readers: More Urban Shelf Picks!**

**Body:**
Looking for more stories that bring the urban landscape to life? Here are a few more diverse tales we think your family will love, from bustling city streets to quiet neighborhood nooks.

*   **1. [Book Title]:** *[Example: ""The Field""]*
    *   **Author:** *[Example: Baptiste Paul]*
    *   **Age:** Picture Book (Ages 4-8)
    *   **Hook:** A lively celebration of community and play, as children from diverse backgrounds gather on a vibrant urban field for a game of soccer, showing how shared spaces bring people together.
    *   [Link: Learn More]

*   **2. [Book Title]:** *[Example: ""When You Trap a Tiger""]*
    *   **Author:** *[Example: Tae Keller]*
    *   **Age:** Middle Grade (Ages 8-12)
    *   **Hook:** A magical realism story set in a small, diverse town, where a Korean-American girl encounters a tiger from her grandmother's folktales, blending myth with the realities of urban family life and heritage.
    *   [Link: Learn More]

*   **3. [Book Title]:** *[Example: ""Home is a Window""]*
    *   **Author:** *[Example: Kirsten Hall]*
    *   **Age:** Picture Book (Ages 2-5)
    *   **Hook:** A poetic exploration of what 'home' means, seen through a child's eyes from their urban apartment window, celebrating the constant yet comforting changes of city life and diverse neighbors.
    *   [Link: Learn More]

---

### **6. Connect & Share Your Tails & Trails!**

*(Image placeholder: Small social media icons)*

**Headline:** **We'd Love to Hear From You!**

**Body:**
Your feedback helps us make Urban Tails & Trails even better!

*   **Give Feedback:** What books or challenges would you like to see next? [Link: Submit Feedback Form]
*   **Share Your Adventures:** Tag us on social media using **#UrbanTailsAndTrails** and **#UrbanExplorerChallenge** with your photos and discoveries! We might feature your post in our next issue!
*   **Spread the Word:** Do you know someone who would love these urban adventures? [Link: Share This Newsletter]

---

### **7. Footer**

**Urban Tails & Trails Newsletter**
*Delivering diverse urban stories and adventures to your inbox, bi-weekly.*

[Link: Update Preferences] | [Link: Unsubscribe] | [Link: Visit Our Website]

*(Small text: Copyright ¬© [Year] Urban Tails & Trails, All rights reserved.)*

---","Here is the full content for your Urban Tails & Trails newsletter issue:

---

### **[Newsletter Issue #15: October 25, 2024]**

---

### **1. Vibrant Subject Line**

City Sounds & Subway Tales! üê≠üìö New Explorer Challenge Inside!

---

### **2. Welcome & Introduction**

*(Header image: Stylized logo - ""Urban Tails & Trails"" with a cityscape silhouette and a child/animal character.)*

**Headline:** **Welcome, Urban Explorers!**

Hello parents and educators! Welcome to Urban Tails & Trails, your guide to city life through stories and activities. This issue, discover a heartwarming subway tale and explore your city's sounds with a fun challenge. Let's dive in!

---

### **3. Featured Story: City Spotlight**

*(Image placeholder: High-quality book cover image)*

**Headline:** **This Week's City Spotlight: The Subway Mouse Who Learned to Read**

**Book Title:** *The Subway Mouse Who Learned to Read*
**Summary:**
Meet Remy, a curious mouse deep in the subway, who dreams of understanding words. Through determination and a kind friend, Remy learns to read, discovering wonder in urban infrastructure. A heartwarming tale of perseverance!

**Age Range:** Picture Book (Ages 4-7)

**Strong Call to Action (CTA):**
*   **Discover Remy's Journey!**
    *   [Button: ""Get the Book""]
    *   [Button: ""Find at Your Library""]

---

### **4. Urban Explorer Challenge**

*(Image placeholder: Photo of children engaged in a city activity, e.g., pointing at street art, observing nature in a park, or looking at diverse shop windows.)*

**Headline:** **Your Bi-Weekly Urban Explorer Challenge: Map Your Neighborhood Sounds!**

**Challenge:** **The ""City Symphony"" Scavenger Hunt!**

**Description:**
Tune into your city's unique soundtrack! Listen closely for distinct urban noises.

**How to Play:**
1.  **Listen & Draw:** Grab paper and crayons.
2.  **Explore!** Take a walk or sit by a window.
3.  **Spot & Draw:** Find and draw these city sounds:
    *   A **bus/train whoosh**.
    *   A distant **siren**.
    *   **People's chatter**.
    *   A **bird's song**.
4.  **Discuss:** What's your favorite?

**Bonus:** Share your sound map with us using #UrbanTailsChallenge!

---

### **5. City Shelf Picks: More Urban Adventures!**

*(Image placeholder: A collage of 2-3 small book covers)*

**Headline:** **Curated for Your City Readers: More Urban Shelf Picks!**

**Body:**
More stories and resources for urban exploration!

*   **1. The Community Garden's Secret:** Kids transform a city lot into a vibrant garden, learning teamwork and nature.
    *   [Link: Explore More]

*   **2. Virtual Storytime with NYC Public Library:** Engaging storytimes from expert librarians, bringing diverse tales to your screen!
    *   [Link: Watch Now!]

---

### **6. Connect & Share Your Tails & Trails!**

*(Image placeholder: Small social media icons)*

**Headline:** **We'd Love to Hear From You!**

**Body:**
Your feedback helps us!

*   **Feedback:** What books or challenges next? [Link: Submit Feedback Form]
*   **Share:** Tag us with **#UrbanTailsAndTrails** and **#UrbanExplorerChallenge**!
*   **Spread the Word:** [Link: Share This Newsletter]

---

### **7. Footer**

**Urban Tails & Trails Newsletter**
*Delivering diverse urban stories and adventures to your inbox, bi-weekly.*

[Link: Update Preferences] | [Link: Unsubscribe] | [Link: Visit Our Website]

*(Small text: Copyright ¬© 2024 Urban Tails & Trails, All rights reserved.)*

---
**Word Count: Approximately 265 words**","As a world-class content editor specializing in children's literature marketing and high-engagement email newsletters, I've meticulously reviewed your ""Urban Tails & Trails"" draft.

My critique focuses on enhancing clarity, scannability, engagement, CTA strength, and word count efficiency to deliver a truly world-class, impactful newsletter for busy parents and educators.

---

### **Critique of the Original Draft:**

1.  **Vibrant Subject Line:**
    *   **Analysis:** ""City Sounds & Subway Tales! üê≠üìö New Explorer Challenge Inside!"" is decent, but ""New Explorer Challenge Inside!"" feels a bit clunky and less intriguing. The emojis are good.
    *   **Improvement Area:** More concise, benefit-driven, and slightly more mysterious.

2.  **Welcome & Introduction:**
    *   **Analysis:** The greeting is friendly but a bit generic. ""Your guide to city life through stories and activities"" is fine, but the overall tone could be more energetic and immediately captivating. ""Let's dive in!"" feels a little uninspired.
    *   **Improvement Area:** Inject more enthusiasm and immediately highlight the *excitement* of what's inside. Trim filler words.

3.  **Featured Story: City Spotlight:**
    *   **Headline:** ""This Week's City Spotlight: The Subway Mouse Who Learned to Read"" is too long and repetitive.
    *   **Summary:** The summary is good in content but ""urban infrastructure"" is a bit academic for a children's book description targeting parents. Language could be more evocative of wonder and childhood.
    *   **CTAs:** ""Discover Remy's Journey!"" is okay, but ""Get the Book"" and ""Find at Your Library"" are functional but lack *pull*. Two equally prominent buttons can sometimes cause decision fatigue on mobile.
    *   **Improvement Area:** Shorten headline. Make summary language more accessible and magical. Strengthen CTAs with more action-oriented and benefit-driven text, possibly with one primary and one secondary button.

4.  **Urban Explorer Challenge:**
    *   **Headline:** ""Your Bi-Weekly Urban Explorer Challenge: Map Your Neighborhood Sounds!"" is too long and ""Bi-Weekly"" is unnecessary in the headline.
    *   **Description & How to Play:** The challenge itself is excellent and relevant! However, the instructions are a bit dry. ""Grab paper and crayons"" is fine, but the overall presentation could be more exciting and interactive.
    *   **Engagement:** The core idea is highly engaging; the delivery needs a boost.
    *   **Improvement Area:** Snappier headline. More active and playful language in the instructions.

5.  **City Shelf Picks: More Urban Adventures!**
    *   **Headline:** ""Curated for Your City Readers: More Urban Shelf Picks!"" is wordy. ""Curated"" isn't always best for a broad audience.
    *   **Body:** ""More stories and resources for urban exploration!"" is filler.
    *   **Picks & CTAs:** Descriptions are good, but the CTAs (""Explore More,"" ""Watch Now!"") are generic.
    *   **Improvement Area:** Concise, action-oriented headline. Stronger, more specific CTAs that hint at the content.

6.  **Connect & Share Your Tails & Trails!**
    *   **Headline:** ""We'd Love to Hear From You!"" is friendly but passive.
    *   **Body:** ""Your feedback helps us!"" is fine.
    *   **Items:** Functional, but could be more inviting to build community.
    *   **Improvement Area:** More active headline focusing on community. Streamline wording.

7.  **Footer:**
    *   **Analysis:** Standard and functional. The brand statement ""Delivering diverse urban stories and adventures to your inbox, bi-weekly"" is a bit long.
    *   **Improvement Area:** Condense the brand statement for impact.

**Overall Word Count Efficiency:** The draft is close to the target, but there are several instances of verbose headings, filler sentences, and less-than-punchy language that, when tightened, can make space for more impactful phrasing without increasing the total word count.

---

### **Revamped Newsletter: Urban Tails & Trails Issue #15**

Here is your polished newsletter, incorporating critical fixes for maximum engagement and marketing effectiveness, while strictly adhering to the 200-250 word count.

---

### **[Newsletter Issue #15: October 25, 2024]**

---

### **1. Vibrant Subject Line**

**Subway Mouse Adventure! üê≠üìö Your City's Symphony Awaits!**

---

### **2. Welcome & Introduction**

*(Header image: Stylized logo - ""Urban Tails & Trails"" with a cityscape silhouette and a child/animal character.)*

**Headline:** **Welcome, Urban Explorers!**

Hello, city adventurers! Urban Tails & Trails is here with exciting stories and activities. This issue: a heartwarming subway tale and a fun challenge to map your city's unique sounds!

---

### **3. Featured Story: City Spotlight**

*(Image placeholder: High-quality book cover image)*

**Headline:** **Spotlight Story: The Subway Mouse Who Learned to Read**

**Book Title:** *The Subway Mouse Who Learned to Read*
**Summary:**
Join Remy, a brave subway mouse, on his quest to learn to read! This heartwarming tale celebrates curiosity, unexpected friendships, and finding magic in everyday city life.

**Age Range:** Picture Book (Ages 4-7)

**Strong Call to Action (CTA):**
*   **Dive into Remy's Tale!**
    *   [Button: **Read Now!**]
    *   [Button: Find at Your Library]

---

### **4. Urban Explorer Challenge**

*(Image placeholder: Photo of children engaged in a city activity, e.g., pointing at street art, observing nature in a park, or looking at diverse shop windows.)*

**Headline:** **Explorer Challenge: Your City's Symphony!**

**Challenge:** **The ""City Symphony"" Scavenger Hunt!**

**Description:**
What does your city sound like? Grab paper and crayons, then embark on a ""City Symphony"" scavenger hunt!

**How to Play:**
1.  **Listen & Draw:** Go outside or by a window. What do you hear?
2.  **Map Sounds:** Draw a bus whoosh, siren, chatting people, or a bird's song!
3.  **Share:** Tell us your favorite sound! #UrbanTailsChallenge

---

### **5. City Shelf Picks: More Urban Adventures!**

*(Image placeholder: A collage of 2-3 small book covers)*

**Headline:** **More Urban Adventures Await!**

Ready for more city fun?

*   **The Community Garden's Secret:** Discover teamwork and nature as kids transform a city lot.
    *   [Link: Read More!]

*   **NYC Storytime:** Enjoy diverse tales with librarians from NYC Public Library!
    *   [Link: Tune In!]

---

### **6. Connect & Share Your Tails & Trails!**

*(Image placeholder: Small social media icons)*

**Headline:** **Join Our Urban Explorer Community!**

We love hearing about your urban adventures!

*   **Feedback:** What should we feature next? [Link: Tell Us!]
*   **Share:** Tag your adventures with #UrbanTailsChallenge!
*   **Connect:** [Link: Share This Newsletter]

---

### **7. Footer**

**Urban Tails & Trails**
*Your bi-weekly guide to city stories & adventures.*

[Update Preferences] | [Unsubscribe] | [Visit Our Website]

*(Small text: Copyright ¬© 2024 Urban Tails & Trails, All rights reserved.)*

---
**Word Count (Approximate): 243 words**","The ""Urban Tails & Trails"" newsletter now features a compelling ""Subway Mouse Adventure! üê≠üìö"" subject. It spotlights ""The Subway Mouse Who Learned to Read,"" a heartwarming tale of curiosity and city magic. An interactive ""City Symphony"" challenge encourages kids to map neighborhood sounds. Curated ""More Urban Adventures"" and clear calls-to-action drive engagement, offering diverse stories and activities for busy parents and young urban explorers.",,,,
